{
  "dataflow_template_name": "jdbc-to-bigquery-flex-job",
  "dataflow_template_version": "latest",
  "dataflow_max_workers": "10",
  "dataflow_temp_bucket": "a-given-bucket",
  "dataflow_job_params": {
    "driverJars": "gs://pso-amex-data-platform2_aef_artifacts_bucket/jdbcjars/postgresql-42.7.3.jar",
    "driverClassName": "org.postgresql.Driver",
    "connectionURL": "jdbc:postgresql://34.27.74.186:5432/postgres",
    "outputTable": "pso-amex-data-platform2:aef_landing_sample_dataset.raw_suppliers",
    "bigQueryLoadingTemporaryDirectory": "gs://aef-pso-amex-data-platform2-temp/jdbc_temp/suppliers/",
    "username": "user1",
    "password": "changeme"
  }
}